CREATE TABLE PROFESSOR
(
NUMERO_PROF INTEGER NOT NULL,
PROFNOME CHARACTER VARYING(30),
PROFRUA CHARACTER VARYING(30),
PROFCIDADE CHARACTER VARYING(30));


CREATE TABLE PROFESSOR
(NUMERO_PROF INTEGER NOT NULL,
PROFNOME CHARACTER VARYING(30),
PROFRUA CHARACTER VARYING(30),
PROFCIDADE CHARACTER VARYING(30),
CONSTRAINT PROFESSOR_PKEY PRIMARY KEY (NUMERO_PROF)
);

CREATE TABLE ALUNO
(
NUMERO_ALUNO INTEGER NOT NULL,
ALUNOME CHARACTER VARYING(30),
ALUFRUA CHARACTER VARYING(30),
ALUCIDADE CHARACTER VARYING(30),
CONSTRAINT ALUNO_PKEY PRIMARY KEY (NUMERO_ALUNO)
);

CREATE TABLE DISCIPLINA
(
CODIGO_DISC INTEGER NOT NULL,
NOME_DISCIPLINA CHARACTER VARYING(30),
NOME_CURSO CHARACTER VARYING(30),
QTD_AULAS INTEGER,
CONSTRAINT DISCIPLINA_PKEY PRIMARY KEY (CODIGO_DISC)
);

CREATE TABLE MATRICULA
(
NUMERO_ALUNO INTEGER NOT NULL,
CODIGO_DISC INTEGER NOT NULL,
ANO CHARACTER VARYING(4) NOT NULL,
CONSTRAINT MATRICULA_PKEY PRIMARY KEY (NUMERO_ALUNO, CODIGO_DISC, ANO),
CONSTRAINT MATRICULA_ALUNO_FK FOREIGN KEY (NUMERO_ALUNO)
REFERENCES ALUNO (NUMERO_ALUNO),
CONSTRAINT MATRICULA_DISCIPLINA_FK FOREIGN KEY (CODIGO_DISC)
REFERENCES DISCIPLINA (CODIGO_DISC) 
);

CREATE TABLE PROFDISC
(
CODIGO_DISC INTEGER NOT NULL,
NUMERO_PROF INTEGER NOT NULL,
ANO CHARACTER VARYING(4),
CONSTRAINT PROF_DISC_PK PRIMARY KEY (CODIGO_DISC, NUMERO_PROF, ANO),
CONSTRAINT CODIGO_DISC_FK FOREIGN KEY (CODIGO_DISC)
REFERENCES DISCIPLINA (CODIGO_DISC),
CONSTRAINT NUMERO_PROF_FK FOREIGN KEY (NUMERO_PROF)
REFERENCES PROFESSOR (NUMERO_PROF) 
);

INSERT INTO ALUNO VALUES (1, ' TIAGO MATEUS JUNIOR', '210', 'PALMAS');
INSERT INTO ALUNO VALUES (2, 'LUCIANA GOMES', '202', 'PALMAS');
INSERT INTO ALUNO VALUES (3, 'JOÃO MATEUS', '2300', 'GURUPI');
INSERT INTO ALUNO VALUES (4, 'JOSÉ SILVA', '1024', 'PARAÍSO');
INSERT INTO ALUNO VALUES (5, 'JURACI', '106', 'MIRANORTE');
INSERT INTO ALUNO VALUES (6, 'PAULO', '101', 'GOIANORTE');
INSERT INTO ALUNO VALUES (7, 'ADRIANA CALCANHOTO', 'RUA ALVORADA', 'PARAAÍSO');
INSERT INTO ALUNO VALUES (8, 'ROSANE', 'RUA DAS FLORES', 'GUARAÍ');
INSERT INTO ALUNO VALUES (9, 'MARA', 'RUA DAS ÁGUAS', 'PORTO NACIONAL');
INSERT INTO ALUNO VALUES (10, 'JULIA', 'RUA DE MADEIRA', 'PARAISO');
INSERT INTO ALUNO VALUES (11, 'JULIA', 'RUA DE MADEIRA', 'MARÍLIA');

INSERT INTO PROFESSOR VALUES (1, 'JOÃO JOSÉ', '103', 'PALMAS');
INSERT INTO PROFESSOR VALUES (2, 'MARIA JOSÉ', '201', 'PALMAS');
INSERT INTO PROFESSOR VALUES (3, 'BRUNO', '305', 'PARAISO');
INSERT INTO PROFESSOR VALUES (4, 'JOSÉ RICARDO', '1106', 'PORTO NACIONAL');
INSERT INTO PROFESSOR VALUES (5, 'MANUELA', '120', 'ARAGUAINA');
INSERT INTO PROFESSOR VALUES (6, 'BRUNO', '1003', 'PORTO NACIONAL');
INSERT INTO PROFESSOR VALUES (7, 'LUCIANA', ' 100', 'MIRACEMA');
INSERT INTO PROFESSOR VALUES (8, 'PAULO', ' 150', 'PALMAS');
INSERT INTO PROFESSOR VALUES (9, 'LUAL', '1006', 'PARAÍSO');
INSERT INTO PROFESSOR VALUES (10, 'ANTONIO MARCOS', '170', 'ARAGUAÍNA');

INSERT INTO DISCIPLINA VALUES (1, ' QUÍMICA', 'ENSINO MÉDIO', 4);
INSERT INTO DISCIPLINA VALUES (2, ' BIOLOGIA', 'ENSINO MÉDIO', 4);
INSERT INTO DISCIPLINA VALUES (3, 'HISTÓRIA', 'ENSINO MÉDIO', 2);
INSERT INTO DISCIPLINA VALUES (4, ' RELIGIÃO', 'ENSINO MÉDIO', 2);
INSERT INTO DISCIPLINA VALUES (5, ' PORTUGUÊS', 'ENSINO PÓS MÉDIO', 4);
INSERT INTO DISCIPLINA VALUES (6, 'FÍSICA', 'ENSINO PÓS MÉDIO', 6);
INSERT INTO DISCIPLINA VALUES (7, 'MATEMÁTICA', 'ENSINO PÓS MÉDIO', 4);
INSERT INTO DISCIPLINA VALUES (8, 'GEOGRAFIA ', 'ENSINO PÓS MÉDIO', 2);
INSERT INTO DISCIPLINA VALUES (9, 'INFORMÁTICA APLICADA', 'ENSINO PÓS MÉDIO', 4);
INSERT INTO DISCIPLINA VALUES (10, 'BANCO DE DADOS', 'SUPERIOR', 4);
INSERT INTO DISCIPLINA VALUES (11, 'PROGRAMAÇÃO DE BANCO DE DADOS', 'COMPUTAÇÃO', 4);

INSERT INTO MATRICULA  VALUES (1, 10, '2018');
INSERT INTO MATRICULA VALUES (1, 4, '2018');
INSERT INTO MATRICULA VALUES (1, 6, '2018');
INSERT INTO MATRICULA VALUES (5, 3, '2018');
INSERT INTO MATRICULA VALUES (6, 1, '2018');
INSERT INTO MATRICULA VALUES (2, 6, '2018');
INSERT INTO MATRICULA VALUES (7, 9, '2018');
INSERT INTO MATRICULA VALUES (8, 10, '2018');
INSERT INTO MATRICULA VALUES (9, 1, '2018');
INSERT INTO MATRICULA VALUES (2, 2, '2018');
INSERT INTO MATRICULA VALUES (11, 11, '2018');

INSERT INTO PROFDISC VALUES (1, 10, '2018');
INSERT INTO PROFDISC VALUES (2, 5, '2018');
INSERT INTO PROFDISC VALUES (3, 7, '2018');
INSERT INTO PROFDISC VALUES (4, 4, '2018');
INSERT INTO PROFDISC VALUES (5, 9, '2018');
INSERT INTO PROFDISC VALUES (6, 2, '2018');
INSERT INTO PROFDISC VALUES (7, 3, '2018');
INSERT INTO PROFDISC VALUES (8, 9, '2018');
INSERT INTO PROFDISC VALUES (9, 6, '2018');
INSERT INTO PROFDISC VALUES (10, 3, '2018');
INSERT INTO PROFDISC VALUES (11, 5, '2018');



